{
  "frames": {
    "idel_000": {
      "trimmed": true,
      "rotated": false,
      "frame": {
        "x": 2,
        "y": 172,
        "w": 155,
        "h": 175
      },
      "spriteSourceSize": {
        "x": 2,
        "y": 0,
        "w": 155,
        "h": 175
      },
      "sourceSize": {
        "w": 159,
        "h": 176
      }
    },
    "idel_001": {
      "trimmed": true,
      "rotated": false,
      "frame": {
        "x": 491,
        "y": 175,
        "w": 160,
        "h": 174
      },
      "spriteSourceSize": {
        "x": 1,
        "y": 0,
        "w": 160,
        "h": 174
      },
      "sourceSize": {
        "w": 162,
        "h": 174
      }
    },
    "idel_002": {
      "trimmed": true,
      "rotated": false,
      "frame": {
        "x": 159,
        "y": 173,
        "w": 164,
        "h": 174
      },
      "spriteSourceSize": {
        "x": 0,
        "y": 0,
        "w": 164,
        "h": 174
      },
      "sourceSize": {
        "w": 164,
        "h": 174
      }
    },
    "idel_003": {
      "trimmed": true,
      "rotated": false,
      "frame": {
        "x": 168,
        "y": 350,
        "w": 164,
        "h": 174
      },
      "spriteSourceSize": {
        "x": 0,
        "y": 0,
        "w": 164,
        "h": 174
      },
      "sourceSize": {
        "w": 164,
        "h": 174
      }
    },
    "idel_004": {
      "trimmed": true,
      "rotated": false,
      "frame": {
        "x": 2,
        "y": 349,
        "w": 164,
        "h": 175
      },
      "spriteSourceSize": {
        "x": 0,
        "y": 0,
        "w": 164,
        "h": 175
      },
      "sourceSize": {
        "w": 164,
        "h": 175
      }
    },
    "idel_005": {
      "trimmed": true,
      "rotated": false,
      "frame": {
        "x": 172,
        "y": 527,
        "w": 164,
        "h": 174
      },
      "spriteSourceSize": {
        "x": 0,
        "y": 0,
        "w": 164,
        "h": 174
      },
      "sourceSize": {
        "w": 164,
        "h": 174
      }
    },
    "idel_006": {
      "trimmed": true,
      "rotated": false,
      "frame": {
        "x": 334,
        "y": 351,
        "w": 163,
        "h": 174
      },
      "spriteSourceSize": {
        "x": 0,
        "y": 0,
        "w": 163,
        "h": 174
      },
      "sourceSize": {
        "w": 163,
        "h": 174
      }
    },
    "idel_007": {
      "trimmed": true,
      "rotated": false,
      "frame": {
        "x": 325,
        "y": 174,
        "w": 164,
        "h": 174
      },
      "spriteSourceSize": {
        "x": 0,
        "y": 0,
        "w": 164,
        "h": 174
      },
      "sourceSize": {
        "w": 164,
        "h": 174
      }
    },
    "idel_008": {
      "trimmed": true,
      "rotated": false,
      "frame": {
        "x": 338,
        "y": 527,
        "w": 162,
        "h": 174
      },
      "spriteSourceSize": {
        "x": 1,
        "y": 0,
        "w": 162,
        "h": 174
      },
      "sourceSize": {
        "w": 163,
        "h": 174
      }
    },
    "idel_009": {
      "trimmed": true,
      "rotated": false,
      "frame": {
        "x": 499,
        "y": 351,
        "w": 160,
        "h": 174
      },
      "spriteSourceSize": {
        "x": 1,
        "y": 0,
        "w": 160,
        "h": 174
      },
      "sourceSize": {
        "w": 162,
        "h": 174
      }
    },
    "idel_010": {
      "trimmed": true,
      "rotated": false,
      "frame": {
        "x": 502,
        "y": 527,
        "w": 159,
        "h": 174
      },
      "spriteSourceSize": {
        "x": 1,
        "y": 0,
        "w": 159,
        "h": 174
      },
      "sourceSize": {
        "w": 161,
        "h": 174
      }
    },
    "walk_001": {
      "trimmed": true,
      "rotated": false,
      "frame": {
        "x": 663,
        "y": 529,
        "w": 164,
        "h": 172
      },
      "spriteSourceSize": {
        "x": 9,
        "y": 0,
        "w": 164,
        "h": 172
      },
      "sourceSize": {
        "w": 173,
        "h": 172
      }
    },
    "walk_002": {
      "trimmed": true,
      "rotated": false,
      "frame": {
        "x": 653,
        "y": 176,
        "w": 171,
        "h": 173
      },
      "spriteSourceSize": {
        "x": 7,
        "y": 0,
        "w": 171,
        "h": 173
      },
      "sourceSize": {
        "w": 178,
        "h": 173
      }
    },
    "walk_003": {
      "trimmed": true,
      "rotated": false,
      "frame": {
        "x": 182,
        "y": 4,
        "w": 178,
        "h": 167
      },
      "spriteSourceSize": {
        "x": 4,
        "y": 0,
        "w": 178,
        "h": 167
      },
      "sourceSize": {
        "w": 182,
        "h": 167
      }
    },
    "walk_004": {
      "trimmed": true,
      "rotated": false,
      "frame": {
        "x": 721,
        "y": 2,
        "w": 186,
        "h": 172
      },
      "spriteSourceSize": {
        "x": 0,
        "y": 0,
        "w": 186,
        "h": 172
      },
      "sourceSize": {
        "w": 186,
        "h": 174
      }
    },
    "walk_005": {
      "trimmed": true,
      "rotated": false,
      "frame": {
        "x": 2,
        "y": 2,
        "w": 178,
        "h": 168
      },
      "spriteSourceSize": {
        "x": 0,
        "y": 0,
        "w": 178,
        "h": 168
      },
      "sourceSize": {
        "w": 178,
        "h": 168
      }
    },
    "walk_006": {
      "trimmed": true,
      "rotated": false,
      "frame": {
        "x": 661,
        "y": 353,
        "w": 174,
        "h": 172
      },
      "spriteSourceSize": {
        "x": 1,
        "y": 0,
        "w": 174,
        "h": 172
      },
      "sourceSize": {
        "w": 175,
        "h": 172
      }
    },
    "walk_007": {
      "trimmed": true,
      "rotated": false,
      "frame": {
        "x": 551,
        "y": 3,
        "w": 168,
        "h": 170
      },
      "spriteSourceSize": {
        "x": 6,
        "y": 0,
        "w": 168,
        "h": 170
      },
      "sourceSize": {
        "w": 174,
        "h": 170
      }
    },
    "walk_008": {
      "trimmed": true,
      "rotated": false,
      "frame": {
        "x": 829,
        "y": 529,
        "w": 161,
        "h": 172
      },
      "spriteSourceSize": {
        "x": 7,
        "y": 0,
        "w": 161,
        "h": 172
      },
      "sourceSize": {
        "w": 168,
        "h": 173
      }
    },
    "walk_009": {
      "trimmed": true,
      "rotated": false,
      "frame": {
        "x": 362,
        "y": 2,
        "w": 187,
        "h": 170
      },
      "spriteSourceSize": {
        "x": 2,
        "y": 0,
        "w": 187,
        "h": 170
      },
      "sourceSize": {
        "w": 189,
        "h": 170
      }
    },
    "walk_010": {
      "trimmed": true,
      "rotated": false,
      "frame": {
        "x": 2,
        "y": 526,
        "w": 168,
        "h": 175
      },
      "spriteSourceSize": {
        "x": 13,
        "y": 0,
        "w": 168,
        "h": 175
      },
      "sourceSize": {
        "w": 181,
        "h": 175
      }
    }
  },
  "meta": {
    "app": "Phaser Editor",
    "version": "1",
    "image": "Knight.png"
  }
}