{
  "frames": {
    "attack_000": {
      "trimmed": true,
      "rotated": false,
      "frame": {
        "x": 631,
        "y": 624,
        "w": 116,
        "h": 149
      },
      "spriteSourceSize": {
        "x": 9,
        "y": 0,
        "w": 116,
        "h": 149
      },
      "sourceSize": {
        "w": 172,
        "h": 152
      }
    },
    "attack_001": {
      "trimmed": true,
      "rotated": false,
      "frame": {
        "x": 749,
        "y": 497,
        "w": 118,
        "h": 146
      },
      "spriteSourceSize": {
        "x": 8,
        "y": 0,
        "w": 118,
        "h": 146
      },
      "sourceSize": {
        "w": 172,
        "h": 152
      }
    },
    "attack_002": {
      "trimmed": true,
      "rotated": false,
      "frame": {
        "x": 2,
        "y": 390,
        "w": 124,
        "h": 138
      },
      "spriteSourceSize": {
        "x": 6,
        "y": 0,
        "w": 124,
        "h": 138
      },
      "sourceSize": {
        "w": 172,
        "h": 152
      }
    },
    "attack_003": {
      "trimmed": true,
      "rotated": false,
      "frame": {
        "x": 493,
        "y": 645,
        "w": 136,
        "h": 128
      },
      "spriteSourceSize": {
        "x": 5,
        "y": 0,
        "w": 136,
        "h": 128
      },
      "sourceSize": {
        "w": 172,
        "h": 152
      }
    },
    "attack_004": {
      "trimmed": true,
      "rotated": false,
      "frame": {
        "x": 823,
        "y": 776,
        "w": 150,
        "h": 127
      },
      "spriteSourceSize": {
        "x": 3,
        "y": 0,
        "w": 150,
        "h": 127
      },
      "sourceSize": {
        "w": 172,
        "h": 152
      }
    },
    "attack_005": {
      "trimmed": true,
      "rotated": false,
      "frame": {
        "x": 333,
        "y": 647,
        "w": 158,
        "h": 127
      },
      "spriteSourceSize": {
        "x": 3,
        "y": 0,
        "w": 158,
        "h": 127
      },
      "sourceSize": {
        "w": 172,
        "h": 152
      }
    },
    "attack_006": {
      "trimmed": true,
      "rotated": false,
      "frame": {
        "x": 169,
        "y": 647,
        "w": 162,
        "h": 127
      },
      "spriteSourceSize": {
        "x": 4,
        "y": 0,
        "w": 162,
        "h": 127
      },
      "sourceSize": {
        "w": 172,
        "h": 152
      }
    },
    "attack_007": {
      "trimmed": true,
      "rotated": false,
      "frame": {
        "x": 169,
        "y": 776,
        "w": 165,
        "h": 127
      },
      "spriteSourceSize": {
        "x": 4,
        "y": 0,
        "w": 165,
        "h": 127
      },
      "sourceSize": {
        "w": 172,
        "h": 152
      }
    },
    "attack_008": {
      "trimmed": true,
      "rotated": false,
      "frame": {
        "x": 336,
        "y": 776,
        "w": 165,
        "h": 127
      },
      "spriteSourceSize": {
        "x": 4,
        "y": 0,
        "w": 165,
        "h": 127
      },
      "sourceSize": {
        "w": 172,
        "h": 152
      }
    },
    "attack_009": {
      "trimmed": true,
      "rotated": false,
      "frame": {
        "x": 2,
        "y": 646,
        "w": 161,
        "h": 127
      },
      "spriteSourceSize": {
        "x": 5,
        "y": 0,
        "w": 161,
        "h": 127
      },
      "sourceSize": {
        "w": 172,
        "h": 152
      }
    },
    "attack_010": {
      "trimmed": true,
      "rotated": false,
      "frame": {
        "x": 2,
        "y": 775,
        "w": 165,
        "h": 128
      },
      "spriteSourceSize": {
        "x": 5,
        "y": 0,
        "w": 165,
        "h": 128
      },
      "sourceSize": {
        "w": 172,
        "h": 152
      }
    },
    "attack_011": {
      "trimmed": true,
      "rotated": false,
      "frame": {
        "x": 503,
        "y": 775,
        "w": 163,
        "h": 128
      },
      "spriteSourceSize": {
        "x": 6,
        "y": 0,
        "w": 163,
        "h": 128
      },
      "sourceSize": {
        "w": 172,
        "h": 152
      }
    },
    "attack_012": {
      "trimmed": true,
      "rotated": false,
      "frame": {
        "x": 668,
        "y": 775,
        "w": 153,
        "h": 128
      },
      "spriteSourceSize": {
        "x": 7,
        "y": 0,
        "w": 153,
        "h": 128
      },
      "sourceSize": {
        "w": 172,
        "h": 152
      }
    },
    "attack_013": {
      "trimmed": true,
      "rotated": false,
      "frame": {
        "x": 823,
        "y": 645,
        "w": 140,
        "h": 129
      },
      "spriteSourceSize": {
        "x": 7,
        "y": 0,
        "w": 140,
        "h": 129
      },
      "sourceSize": {
        "w": 172,
        "h": 152
      }
    },
    "attack_014": {
      "trimmed": true,
      "rotated": false,
      "frame": {
        "x": 285,
        "y": 508,
        "w": 123,
        "h": 137
      },
      "spriteSourceSize": {
        "x": 8,
        "y": 0,
        "w": 123,
        "h": 137
      },
      "sourceSize": {
        "w": 172,
        "h": 152
      }
    },
    "attack_015": {
      "trimmed": true,
      "rotated": false,
      "frame": {
        "x": 165,
        "y": 499,
        "w": 118,
        "h": 146
      },
      "spriteSourceSize": {
        "x": 8,
        "y": 0,
        "w": 118,
        "h": 146
      },
      "sourceSize": {
        "w": 172,
        "h": 152
      }
    },
    "dead_000": {
      "trimmed": true,
      "rotated": false,
      "frame": {
        "x": 869,
        "y": 357,
        "w": 81,
        "h": 154
      },
      "spriteSourceSize": {
        "x": 0,
        "y": 0,
        "w": 81,
        "h": 154
      },
      "sourceSize": {
        "w": 81,
        "h": 154
      }
    },
    "dead_001": {
      "trimmed": true,
      "rotated": false,
      "frame": {
        "x": 410,
        "y": 518,
        "w": 134,
        "h": 125
      },
      "spriteSourceSize": {
        "x": 0,
        "y": 0,
        "w": 134,
        "h": 125
      },
      "sourceSize": {
        "w": 134,
        "h": 125
      }
    },
    "dead_002": {
      "trimmed": true,
      "rotated": false,
      "frame": {
        "x": 409,
        "y": 268,
        "w": 132,
        "h": 122
      },
      "spriteSourceSize": {
        "x": 0,
        "y": 0,
        "w": 132,
        "h": 122
      },
      "sourceSize": {
        "w": 132,
        "h": 122
      }
    },
    "dead_003": {
      "trimmed": true,
      "rotated": false,
      "frame": {
        "x": 869,
        "y": 513,
        "w": 103,
        "h": 130
      },
      "spriteSourceSize": {
        "x": 0,
        "y": 0,
        "w": 103,
        "h": 130
      },
      "sourceSize": {
        "w": 103,
        "h": 130
      }
    },
    "dead_004": {
      "trimmed": true,
      "rotated": false,
      "frame": {
        "x": 2,
        "y": 530,
        "w": 151,
        "h": 114
      },
      "spriteSourceSize": {
        "x": 0,
        "y": 0,
        "w": 151,
        "h": 114
      },
      "sourceSize": {
        "w": 151,
        "h": 114
      }
    },
    "dead_005": {
      "trimmed": true,
      "rotated": false,
      "frame": {
        "x": 681,
        "y": 387,
        "w": 152,
        "h": 108
      },
      "spriteSourceSize": {
        "x": 0,
        "y": 0,
        "w": 152,
        "h": 108
      },
      "sourceSize": {
        "w": 152,
        "h": 108
      }
    },
    "dead_006": {
      "trimmed": true,
      "rotated": false,
      "frame": {
        "x": 524,
        "y": 143,
        "w": 147,
        "h": 104
      },
      "spriteSourceSize": {
        "x": 0,
        "y": 0,
        "w": 147,
        "h": 104
      },
      "sourceSize": {
        "w": 147,
        "h": 104
      }
    },
    "dead_007": {
      "trimmed": true,
      "rotated": false,
      "frame": {
        "x": 391,
        "y": 42,
        "w": 148,
        "h": 99
      },
      "spriteSourceSize": {
        "x": 0,
        "y": 0,
        "w": 148,
        "h": 99
      },
      "sourceSize": {
        "w": 148,
        "h": 99
      }
    },
    "dead_008": {
      "trimmed": true,
      "rotated": false,
      "frame": {
        "x": 541,
        "y": 46,
        "w": 150,
        "h": 95
      },
      "spriteSourceSize": {
        "x": 0,
        "y": 0,
        "w": 150,
        "h": 95
      },
      "sourceSize": {
        "w": 150,
        "h": 96
      }
    },
    "dead_009": {
      "trimmed": true,
      "rotated": false,
      "frame": {
        "x": 693,
        "y": 19,
        "w": 150,
        "h": 91
      },
      "spriteSourceSize": {
        "x": 0,
        "y": 0,
        "w": 150,
        "h": 91
      },
      "sourceSize": {
        "w": 150,
        "h": 92
      }
    },
    "Defend_000": {
      "trimmed": true,
      "rotated": false,
      "frame": {
        "x": 681,
        "y": 263,
        "w": 130,
        "h": 122
      },
      "spriteSourceSize": {
        "x": 0,
        "y": 0,
        "w": 130,
        "h": 122
      },
      "sourceSize": {
        "w": 130,
        "h": 122
      }
    },
    "Defend_001": {
      "trimmed": true,
      "rotated": false,
      "frame": {
        "x": 259,
        "y": 137,
        "w": 130,
        "h": 121
      },
      "spriteSourceSize": {
        "x": 0,
        "y": 0,
        "w": 130,
        "h": 121
      },
      "sourceSize": {
        "w": 130,
        "h": 121
      }
    },
    "Defend_002": {
      "trimmed": true,
      "rotated": false,
      "frame": {
        "x": 126,
        "y": 248,
        "w": 131,
        "h": 122
      },
      "spriteSourceSize": {
        "x": 0,
        "y": 0,
        "w": 131,
        "h": 122
      },
      "sourceSize": {
        "w": 131,
        "h": 122
      }
    },
    "Defend_003": {
      "trimmed": true,
      "rotated": false,
      "frame": {
        "x": 546,
        "y": 371,
        "w": 133,
        "h": 124
      },
      "spriteSourceSize": {
        "x": 0,
        "y": 0,
        "w": 133,
        "h": 124
      },
      "sourceSize": {
        "w": 133,
        "h": 124
      }
    },
    "Defend_004": {
      "trimmed": true,
      "rotated": false,
      "frame": {
        "x": 410,
        "y": 392,
        "w": 134,
        "h": 124
      },
      "spriteSourceSize": {
        "x": 0,
        "y": 0,
        "w": 134,
        "h": 124
      },
      "sourceSize": {
        "w": 134,
        "h": 124
      }
    },
    "Defend_005": {
      "trimmed": true,
      "rotated": false,
      "frame": {
        "x": 546,
        "y": 497,
        "w": 134,
        "h": 125
      },
      "spriteSourceSize": {
        "x": 0,
        "y": 0,
        "w": 134,
        "h": 125
      },
      "sourceSize": {
        "w": 134,
        "h": 125
      }
    },
    "Defend_006": {
      "trimmed": true,
      "rotated": false,
      "frame": {
        "x": 128,
        "y": 372,
        "w": 132,
        "h": 125
      },
      "spriteSourceSize": {
        "x": 0,
        "y": 0,
        "w": 132,
        "h": 125
      },
      "sourceSize": {
        "w": 132,
        "h": 125
      }
    },
    "Defend_007": {
      "trimmed": true,
      "rotated": false,
      "frame": {
        "x": 262,
        "y": 260,
        "w": 130,
        "h": 123
      },
      "spriteSourceSize": {
        "x": 0,
        "y": 0,
        "w": 130,
        "h": 123
      },
      "sourceSize": {
        "w": 130,
        "h": 123
      }
    },
    "Defend_008": {
      "trimmed": true,
      "rotated": false,
      "frame": {
        "x": 394,
        "y": 143,
        "w": 128,
        "h": 123
      },
      "spriteSourceSize": {
        "x": 0,
        "y": 0,
        "w": 128,
        "h": 123
      },
      "sourceSize": {
        "w": 128,
        "h": 123
      }
    },
    "Defend_009": {
      "trimmed": true,
      "rotated": false,
      "frame": {
        "x": 813,
        "y": 232,
        "w": 126,
        "h": 123
      },
      "spriteSourceSize": {
        "x": 0,
        "y": 0,
        "w": 126,
        "h": 123
      },
      "sourceSize": {
        "w": 126,
        "h": 123
      }
    },
    "walk_000": {
      "trimmed": true,
      "rotated": false,
      "frame": {
        "x": 2,
        "y": 20,
        "w": 117,
        "h": 121
      },
      "spriteSourceSize": {
        "x": 5,
        "y": 0,
        "w": 117,
        "h": 121
      },
      "sourceSize": {
        "w": 122,
        "h": 121
      }
    },
    "walk_001": {
      "trimmed": true,
      "rotated": false,
      "frame": {
        "x": 285,
        "y": 385,
        "w": 122,
        "h": 121
      },
      "spriteSourceSize": {
        "x": 3,
        "y": 0,
        "w": 122,
        "h": 121
      },
      "sourceSize": {
        "w": 125,
        "h": 121
      }
    },
    "walk_002": {
      "trimmed": true,
      "rotated": false,
      "frame": {
        "x": 677,
        "y": 143,
        "w": 126,
        "h": 118
      },
      "spriteSourceSize": {
        "x": 1,
        "y": 0,
        "w": 126,
        "h": 118
      },
      "sourceSize": {
        "w": 128,
        "h": 118
      }
    },
    "walk_003": {
      "trimmed": true,
      "rotated": false,
      "frame": {
        "x": 122,
        "y": 125,
        "w": 130,
        "h": 121
      },
      "spriteSourceSize": {
        "x": 0,
        "y": 0,
        "w": 130,
        "h": 121
      },
      "sourceSize": {
        "w": 130,
        "h": 121
      }
    },
    "walk_004": {
      "trimmed": true,
      "rotated": false,
      "frame": {
        "x": 805,
        "y": 112,
        "w": 125,
        "h": 118
      },
      "spriteSourceSize": {
        "x": 0,
        "y": 0,
        "w": 125,
        "h": 118
      },
      "sourceSize": {
        "w": 125,
        "h": 118
      }
    },
    "walk_005": {
      "trimmed": true,
      "rotated": false,
      "frame": {
        "x": 2,
        "y": 267,
        "w": 122,
        "h": 121
      },
      "spriteSourceSize": {
        "x": 0,
        "y": 0,
        "w": 122,
        "h": 121
      },
      "sourceSize": {
        "w": 122,
        "h": 121
      }
    },
    "walk_006": {
      "trimmed": true,
      "rotated": false,
      "frame": {
        "x": 254,
        "y": 16,
        "w": 119,
        "h": 119
      },
      "spriteSourceSize": {
        "x": 2,
        "y": 0,
        "w": 119,
        "h": 119
      },
      "sourceSize": {
        "w": 121,
        "h": 119
      }
    },
    "walk_007": {
      "trimmed": true,
      "rotated": false,
      "frame": {
        "x": 121,
        "y": 2,
        "w": 114,
        "h": 121
      },
      "spriteSourceSize": {
        "x": 3,
        "y": 0,
        "w": 114,
        "h": 121
      },
      "sourceSize": {
        "w": 117,
        "h": 121
      }
    },
    "walk_008": {
      "trimmed": true,
      "rotated": false,
      "frame": {
        "x": 543,
        "y": 249,
        "w": 132,
        "h": 120
      },
      "spriteSourceSize": {
        "x": 0,
        "y": 0,
        "w": 132,
        "h": 120
      },
      "sourceSize": {
        "w": 132,
        "h": 120
      }
    },
    "walk_009": {
      "trimmed": true,
      "rotated": false,
      "frame": {
        "x": 2,
        "y": 143,
        "w": 118,
        "h": 122
      },
      "spriteSourceSize": {
        "x": 7,
        "y": 0,
        "w": 118,
        "h": 122
      },
      "sourceSize": {
        "w": 126,
        "h": 122
      }
    }
  },
  "meta": {
    "app": "Phaser Editor",
    "version": "1",
    "image": "AmazonStyle.png"
  }
}