{
  "frames": {
    "whitebirdidle_000": {
      "trimmed": true,
      "rotated": false,
      "frame": {
        "x": 2,
        "y": 2,
        "w": 274,
        "h": 211
      },
      "spriteSourceSize": {
        "x": 0,
        "y": 0,
        "w": 274,
        "h": 211
      },
      "sourceSize": {
        "w": 275,
        "h": 217
      }
    },
    "whitebirdidle_001": {
      "trimmed": true,
      "rotated": false,
      "frame": {
        "x": 315,
        "y": 2,
        "w": 274,
        "h": 211
      },
      "spriteSourceSize": {
        "x": 0,
        "y": 0,
        "w": 274,
        "h": 211
      },
      "sourceSize": {
        "w": 275,
        "h": 217
      }
    },
    "whitebirdidle_002": {
      "trimmed": true,
      "rotated": false,
      "frame": {
        "x": 628,
        "y": 2,
        "w": 274,
        "h": 217
      },
      "spriteSourceSize": {
        "x": 0,
        "y": 0,
        "w": 274,
        "h": 217
      },
      "sourceSize": {
        "w": 275,
        "h": 217
      }
    },
    "whitebirdidle_003": {
      "trimmed": true,
      "rotated": false,
      "frame": {
        "x": 941,
        "y": 2,
        "w": 274,
        "h": 211
      },
      "spriteSourceSize": {
        "x": 0,
        "y": 0,
        "w": 274,
        "h": 211
      },
      "sourceSize": {
        "w": 275,
        "h": 217
      }
    },
    "whitebirdhit_000": {
      "trimmed": true,
      "rotated": false,
      "frame": {
        "x": 1254,
        "y": 2,
        "w": 290,
        "h": 243
      },
      "spriteSourceSize": {
        "x": 1,
        "y": 1,
        "w": 290,
        "h": 243
      },
      "sourceSize": {
        "w": 292,
        "h": 245
      }
    },
    "whitebirdhit_001": {
      "trimmed": true,
      "rotated": false,
      "frame": {
        "x": 1567,
        "y": 2,
        "w": 291,
        "h": 238
      },
      "spriteSourceSize": {
        "x": 1,
        "y": 1,
        "w": 291,
        "h": 238
      },
      "sourceSize": {
        "w": 292,
        "h": 245
      }
    },
    "greenbirdfly_000": {
      "trimmed": true,
      "rotated": false,
      "frame": {
        "x": 1880,
        "y": 2,
        "w": 295,
        "h": 230
      },
      "spriteSourceSize": {
        "x": 16,
        "y": 1,
        "w": 295,
        "h": 230
      },
      "sourceSize": {
        "w": 314,
        "h": 306
      }
    },
    "greenbirdfly_001": {
      "trimmed": true,
      "rotated": false,
      "frame": {
        "x": 2193,
        "y": 2,
        "w": 309,
        "h": 202
      },
      "spriteSourceSize": {
        "x": 2,
        "y": 29,
        "w": 309,
        "h": 202
      },
      "sourceSize": {
        "w": 314,
        "h": 306
      }
    },
    "greenbirdfly_002": {
      "trimmed": true,
      "rotated": false,
      "frame": {
        "x": 2506,
        "y": 2,
        "w": 281,
        "h": 276
      },
      "spriteSourceSize": {
        "x": 30,
        "y": 29,
        "w": 281,
        "h": 276
      },
      "sourceSize": {
        "w": 314,
        "h": 306
      }
    },
    "greenbirdfly_003": {
      "trimmed": true,
      "rotated": false,
      "frame": {
        "x": 2,
        "y": 295,
        "w": 296,
        "h": 238
      },
      "spriteSourceSize": {
        "x": 15,
        "y": 29,
        "w": 296,
        "h": 238
      },
      "sourceSize": {
        "w": 314,
        "h": 306
      }
    },
    "greenbirdfly_004": {
      "trimmed": true,
      "rotated": false,
      "frame": {
        "x": 315,
        "y": 295,
        "w": 297,
        "h": 230
      },
      "spriteSourceSize": {
        "x": 16,
        "y": 1,
        "w": 297,
        "h": 230
      },
      "sourceSize": {
        "w": 314,
        "h": 306
      }
    },
    "greenbirdfly_005": {
      "trimmed": true,
      "rotated": false,
      "frame": {
        "x": 628,
        "y": 295,
        "w": 311,
        "h": 202
      },
      "spriteSourceSize": {
        "x": 2,
        "y": 29,
        "w": 311,
        "h": 202
      },
      "sourceSize": {
        "w": 314,
        "h": 306
      }
    },
    "greenbirdfly_006": {
      "trimmed": true,
      "rotated": false,
      "frame": {
        "x": 941,
        "y": 295,
        "w": 283,
        "h": 276
      },
      "spriteSourceSize": {
        "x": 30,
        "y": 29,
        "w": 283,
        "h": 276
      },
      "sourceSize": {
        "w": 314,
        "h": 306
      }
    },
    "greenbirdfly_007": {
      "trimmed": true,
      "rotated": false,
      "frame": {
        "x": 1254,
        "y": 295,
        "w": 298,
        "h": 238
      },
      "spriteSourceSize": {
        "x": 15,
        "y": 29,
        "w": 298,
        "h": 238
      },
      "sourceSize": {
        "w": 314,
        "h": 306
      }
    },
    "greenbirdhit_000": {
      "trimmed": true,
      "rotated": false,
      "frame": {
        "x": 1567,
        "y": 295,
        "w": 300,
        "h": 229
      },
      "spriteSourceSize": {
        "x": 5,
        "y": 1,
        "w": 300,
        "h": 229
      },
      "sourceSize": {
        "w": 314,
        "h": 306
      }
    },
    "greenbirdhit_001": {
      "trimmed": true,
      "rotated": false,
      "frame": {
        "x": 1880,
        "y": 295,
        "w": 286,
        "h": 291
      },
      "spriteSourceSize": {
        "x": 19,
        "y": 14,
        "w": 286,
        "h": 291
      },
      "sourceSize": {
        "w": 314,
        "h": 306
      }
    },
    "creambirdfly_000": {
      "trimmed": true,
      "rotated": false,
      "frame": {
        "x": 2193,
        "y": 295,
        "w": 266,
        "h": 203
      },
      "spriteSourceSize": {
        "x": 0,
        "y": 0,
        "w": 266,
        "h": 203
      },
      "sourceSize": {
        "w": 266,
        "h": 238
      }
    },
    "creambirdfly_001": {
      "trimmed": true,
      "rotated": false,
      "frame": {
        "x": 2506,
        "y": 295,
        "w": 266,
        "h": 238
      },
      "spriteSourceSize": {
        "x": 0,
        "y": 0,
        "w": 266,
        "h": 238
      },
      "sourceSize": {
        "w": 266,
        "h": 238
      }
    },
    "creambirdhit_000": {
      "trimmed": true,
      "rotated": false,
      "frame": {
        "x": 2,
        "y": 588,
        "w": 269,
        "h": 224
      },
      "spriteSourceSize": {
        "x": 4,
        "y": 0,
        "w": 269,
        "h": 224
      },
      "sourceSize": {
        "w": 273,
        "h": 258
      }
    },
    "creambirdhit_001": {
      "trimmed": true,
      "rotated": false,
      "frame": {
        "x": 315,
        "y": 588,
        "w": 268,
        "h": 242
      },
      "spriteSourceSize": {
        "x": 4,
        "y": 0,
        "w": 268,
        "h": 242
      },
      "sourceSize": {
        "w": 273,
        "h": 258
      }
    },
    "poring_000": {
      "trimmed": true,
      "rotated": false,
      "frame": {
        "x": 628,
        "y": 588,
        "w": 269,
        "h": 230
      },
      "spriteSourceSize": {
        "x": 1,
        "y": 0,
        "w": 269,
        "h": 230
      },
      "sourceSize": {
        "w": 270,
        "h": 230
      }
    },
    "poringidle_000": {
      "trimmed": true,
      "rotated": false,
      "frame": {
        "x": 941,
        "y": 588,
        "w": 270,
        "h": 230
      },
      "spriteSourceSize": {
        "x": 0,
        "y": 0,
        "w": 270,
        "h": 230
      },
      "sourceSize": {
        "w": 270,
        "h": 230
      }
    },
    "poringidle_001": {
      "trimmed": true,
      "rotated": false,
      "frame": {
        "x": 1254,
        "y": 588,
        "w": 270,
        "h": 211
      },
      "spriteSourceSize": {
        "x": 0,
        "y": 0,
        "w": 270,
        "h": 211
      },
      "sourceSize": {
        "w": 270,
        "h": 230
      }
    },
    "poringfly_000": {
      "trimmed": true,
      "rotated": false,
      "frame": {
        "x": 1567,
        "y": 588,
        "w": 280,
        "h": 218
      },
      "spriteSourceSize": {
        "x": 0,
        "y": 0,
        "w": 280,
        "h": 218
      },
      "sourceSize": {
        "w": 281,
        "h": 218
      }
    },
    "poringfly_001": {
      "trimmed": true,
      "rotated": false,
      "frame": {
        "x": 1880,
        "y": 588,
        "w": 280,
        "h": 218
      },
      "spriteSourceSize": {
        "x": 0,
        "y": 0,
        "w": 280,
        "h": 218
      },
      "sourceSize": {
        "w": 281,
        "h": 218
      }
    },
    "poringfly_002": {
      "trimmed": true,
      "rotated": false,
      "frame": {
        "x": 2193,
        "y": 588,
        "w": 280,
        "h": 218
      },
      "spriteSourceSize": {
        "x": 0,
        "y": 0,
        "w": 280,
        "h": 218
      },
      "sourceSize": {
        "w": 281,
        "h": 218
      }
    },
    "poringfly_003": {
      "trimmed": true,
      "rotated": false,
      "frame": {
        "x": 2506,
        "y": 588,
        "w": 280,
        "h": 218
      },
      "spriteSourceSize": {
        "x": 0,
        "y": 0,
        "w": 280,
        "h": 218
      },
      "sourceSize": {
        "w": 281,
        "h": 218
      }
    },
    "poringgreen_000": {
      "trimmed": true,
      "rotated": false,
      "frame": {
        "x": 2,
        "y": 881,
        "w": 294,
        "h": 223
      },
      "spriteSourceSize": {
        "x": 1,
        "y": 0,
        "w": 294,
        "h": 223
      },
      "sourceSize": {
        "w": 295,
        "h": 223
      }
    },
    "poringgreen_001": {
      "trimmed": true,
      "rotated": false,
      "frame": {
        "x": 315,
        "y": 881,
        "w": 294,
        "h": 223
      },
      "spriteSourceSize": {
        "x": 1,
        "y": 0,
        "w": 294,
        "h": 223
      },
      "sourceSize": {
        "w": 295,
        "h": 223
      }
    },
    "poringyellowhit_000": {
      "trimmed": true,
      "rotated": false,
      "frame": {
        "x": 628,
        "y": 881,
        "w": 269,
        "h": 225
      },
      "spriteSourceSize": {
        "x": 4,
        "y": 0,
        "w": 269,
        "h": 225
      },
      "sourceSize": {
        "w": 276,
        "h": 227
      }
    },
    "poringyellowhit_001": {
      "trimmed": true,
      "rotated": false,
      "frame": {
        "x": 941,
        "y": 881,
        "w": 269,
        "h": 224
      },
      "spriteSourceSize": {
        "x": 4,
        "y": 0,
        "w": 269,
        "h": 224
      },
      "sourceSize": {
        "w": 276,
        "h": 227
      }
    },
    "poringyellowidle_000": {
      "trimmed": true,
      "rotated": false,
      "frame": {
        "x": 1254,
        "y": 881,
        "w": 269,
        "h": 204
      },
      "spriteSourceSize": {
        "x": 4,
        "y": 0,
        "w": 269,
        "h": 204
      },
      "sourceSize": {
        "w": 276,
        "h": 205
      }
    },
    "poringyellowidle_001": {
      "trimmed": true,
      "rotated": false,
      "frame": {
        "x": 1567,
        "y": 881,
        "w": 269,
        "h": 204
      },
      "spriteSourceSize": {
        "x": 4,
        "y": 0,
        "w": 269,
        "h": 204
      },
      "sourceSize": {
        "w": 276,
        "h": 205
      }
    },
    "poringyellowidle_002": {
      "trimmed": true,
      "rotated": false,
      "frame": {
        "x": 1880,
        "y": 881,
        "w": 269,
        "h": 204
      },
      "spriteSourceSize": {
        "x": 4,
        "y": 0,
        "w": 269,
        "h": 204
      },
      "sourceSize": {
        "w": 276,
        "h": 205
      }
    },
    "poringyellowidle_003": {
      "trimmed": true,
      "rotated": false,
      "frame": {
        "x": 2193,
        "y": 881,
        "w": 269,
        "h": 204
      },
      "spriteSourceSize": {
        "x": 4,
        "y": 0,
        "w": 269,
        "h": 204
      },
      "sourceSize": {
        "w": 276,
        "h": 205
      }
    },
    "poringyellowidle_004": {
      "trimmed": true,
      "rotated": false,
      "frame": {
        "x": 2506,
        "y": 881,
        "w": 269,
        "h": 199
      },
      "spriteSourceSize": {
        "x": 4,
        "y": 0,
        "w": 269,
        "h": 199
      },
      "sourceSize": {
        "w": 276,
        "h": 205
      }
    },
    "poringyellowidle_005": {
      "trimmed": true,
      "rotated": false,
      "frame": {
        "x": 2,
        "y": 1174,
        "w": 269,
        "h": 199
      },
      "spriteSourceSize": {
        "x": 4,
        "y": 0,
        "w": 269,
        "h": 199
      },
      "sourceSize": {
        "w": 276,
        "h": 205
      }
    },
    "poringyellowidle_006": {
      "trimmed": true,
      "rotated": false,
      "frame": {
        "x": 315,
        "y": 1174,
        "w": 269,
        "h": 199
      },
      "spriteSourceSize": {
        "x": 4,
        "y": 0,
        "w": 269,
        "h": 199
      },
      "sourceSize": {
        "w": 276,
        "h": 205
      }
    },
    "poringyellowidle_007": {
      "trimmed": true,
      "rotated": false,
      "frame": {
        "x": 628,
        "y": 1174,
        "w": 269,
        "h": 199
      },
      "spriteSourceSize": {
        "x": 4,
        "y": 0,
        "w": 269,
        "h": 199
      },
      "sourceSize": {
        "w": 276,
        "h": 205
      }
    },
    "greenhornhit_000": {
      "trimmed": true,
      "rotated": false,
      "frame": {
        "x": 941,
        "y": 1174,
        "w": 212,
        "h": 207
      },
      "spriteSourceSize": {
        "x": 0,
        "y": 0,
        "w": 212,
        "h": 207
      },
      "sourceSize": {
        "w": 212,
        "h": 214
      }
    },
    "greenhornhit_001": {
      "trimmed": true,
      "rotated": false,
      "frame": {
        "x": 1254,
        "y": 1174,
        "w": 212,
        "h": 214
      },
      "spriteSourceSize": {
        "x": 0,
        "y": 0,
        "w": 212,
        "h": 214
      },
      "sourceSize": {
        "w": 212,
        "h": 214
      }
    },
    "greenhornidle_000": {
      "trimmed": true,
      "rotated": false,
      "frame": {
        "x": 1567,
        "y": 1174,
        "w": 213,
        "h": 191
      },
      "spriteSourceSize": {
        "x": 0,
        "y": 0,
        "w": 213,
        "h": 191
      },
      "sourceSize": {
        "w": 213,
        "h": 191
      }
    },
    "greenhornidle_001": {
      "trimmed": true,
      "rotated": false,
      "frame": {
        "x": 1880,
        "y": 1174,
        "w": 213,
        "h": 185
      },
      "spriteSourceSize": {
        "x": 0,
        "y": 0,
        "w": 213,
        "h": 185
      },
      "sourceSize": {
        "w": 213,
        "h": 191
      }
    }
  },
  "meta": {
    "app": "Phaser Editor",
    "version": "1",
    "image": "enemy.png"
  }
}