{
  "frames": {
    "logo_1": {
      "trimmed": true,
      "rotated": false,
      "frame": {
        "x": 2,
        "y": 332,
        "w": 791,
        "h": 328
      },
      "spriteSourceSize": {
        "x": 0,
        "y": 0,
        "w": 791,
        "h": 328
      },
      "sourceSize": {
        "w": 800,
        "h": 346
      }
    },
    "logo_2": {
      "trimmed": true,
      "rotated": false,
      "frame": {
        "x": 2,
        "y": 2,
        "w": 791,
        "h": 328
      },
      "spriteSourceSize": {
        "x": 0,
        "y": 0,
        "w": 791,
        "h": 328
      },
      "sourceSize": {
        "w": 800,
        "h": 346
      }
    }
  },
  "meta": {
    "app": "Phaser Editor",
    "version": "1",
    "image": "logoAdd.png"
  }
}