{
  "level": [
    {
      "type": "image",
      "key": "bg",
      "url": "assets/BG/bg.png",
      "overwrite": false
    },
    {
      "type": "image",
      "key": "Start_1",
      "url": "assets/Start/Start_1.png",
      "overwrite": false
    },
    {
      "type": "image",
      "key": "Start_2",
      "url": "assets/Start/Start_2.png",
      "overwrite": false
    },
    {
      "type": "image",
      "key": "logo",
      "url": "assets/images/logo.png",
      "overwrite": false
    },
    {
      "type": "image",
      "key": "bg2",
      "url": "assets/BG/bg2.png",
      "overwrite": false
    },
    {
      "type": "image",
      "key": "bg3",
      "url": "assets/BG/bg3.png",
      "overwrite": false
    },
    {
      "type": "image",
      "key": "credit",
      "url": "assets/Start/credit.png",
      "overwrite": false
    },
    {
      "type": "image",
      "key": "credit1",
      "url": "assets/BG/credit1.png",
      "overwrite": false
    },
    {
      "type": "image",
      "key": "story1",
      "url": "assets/story/1.png",
      "overwrite": false
    },
    {
      "type": "image",
      "key": "next1",
      "url": "assets/story/next1.png",
      "overwrite": false
    },
    {
      "type": "image",
      "key": "story2",
      "url": "assets/story/2.png",
      "overwrite": false
    },
    {
      "type": "image",
      "key": "next2",
      "url": "assets/story/next2.png",
      "overwrite": false
    },
    {
      "type": "image",
      "key": "story3",
      "url": "assets/story/3.png",
      "overwrite": false
    },
    {
      "type": "audio",
      "key": "EndcreditGame",
      "urls": ["assets/sound/EndcreditGame.ogg"],
      "autoDecode": true
    },
    {
      "type": "image",
      "key": "Howtoplay",
      "url": "assets/Howtoplay/Howtoplay.png",
      "overwrite": false
    },
    {
      "type": "image",
      "key": "attack",
      "url": "assets/Howtoplay/attack.png",
      "overwrite": false
    },
    {
      "type": "image",
      "key": "heal",
      "url": "assets/Howtoplay/heal.png",
      "overwrite": false
    },
    {
      "type": "image",
      "key": "sheild",
      "url": "assets/Howtoplay/sheild.png",
      "overwrite": false
    },
    {
      "type": "image",
      "key": "bg1",
      "url": "assets/BG/bg1.png",
      "overwrite": false
    },
    {
      "type": "spritesheet",
      "key": "tile_set",
      "url": "assets/tilemap/tile_set.png",
      "frameWidth": 64,
      "frameHeight": 64,
      "frameMax": -1,
      "margin": 0,
      "spacing": 0
    },
    {
      "type": "tilemap",
      "key": "map1",
      "url": "assets/tilemap/map1/map1.json",
      "format": "TILED_JSON"
    },
    {
      "type": "image",
      "key": "BB",
      "url": "assets/BG/BB.png",
      "overwrite": false
    },
    {
      "type": "image",
      "key": "bg4",
      "url": "assets/BG/bg4.png",
      "overwrite": false
    },
    {
      "type": "image",
      "key": "BB1",
      "url": "assets/BG/BB1.png",
      "overwrite": false
    },
    {
      "type": "image",
      "key": "BBB",
      "url": "assets/BG/BBB.png",
      "overwrite": false
    },
    {
      "type": "image",
      "key": "gameover",
      "url": "assets/BG/gameover.png",
      "overwrite": false
    },
    {
      "type": "audio",
      "key": "hurt",
      "urls": ["assets/sound/hurt.ogg"],
      "autoDecode": true
    },
    {
      "type": "audio",
      "key": "sword",
      "urls": ["assets/sound/sword.ogg"],
      "autoDecode": true
    },
    {
      "type": "audio",
      "key": "zdead1",
      "urls": ["assets/sound/zdead1.ogg"],
      "autoDecode": true
    },
    {
      "type": "audio",
      "key": "zombie_1",
      "urls": ["assets/sound/zombie_1.ogg"],
      "autoDecode": true
    },
    {
      "type": "audio",
      "key": "zombie_2",
      "urls": ["assets/sound/zombie_2.ogg"],
      "autoDecode": true
    },
    {
      "type": "image",
      "key": "Sword",
      "url": "assets/knightMenu/Sword.png",
      "overwrite": false
    },
    {
      "type": "image",
      "key": "Sword1",
      "url": "assets/knightMenu/Sword1.png",
      "overwrite": false
    },
    {
      "type": "audio",
      "key": "soundtheme",
      "urls": ["assets/sound/gametheme.ogg"],
      "autoDecode": true
    },
    {
      "type": "image",
      "key": "heart",
      "url": "assets/BG/heart.png",
      "overwrite": false
    },
    {
      "type": "image",
      "key": "right",
      "url": "assets/Howtoplay/right.png",
      "overwrite": false
    },
    {
      "type": "image",
      "key": "flag",
      "url": "assets/images/flag.png",
      "overwrite": false
    },
    {
      "type": "image",
      "key": "you-win-png-1",
      "url": "assets/images/you-win-png-1.png",
      "overwrite": false
    }
  ],
  "start": [
    {
      "type": "atlas",
      "key": "startAdd",
      "textureURL": "assets/Start/startAdd.png",
      "atlasURL": "assets/Start/startAdd.json",
      "format": "TEXTURE_ATLAS_JSON_HASH"
    },
    {
      "type": "atlas",
      "key": "idleAmazon",
      "textureURL": "assets/idleAmazon resize/idleAmazon.png",
      "atlasURL": "assets/idleAmazon resize/idleAmazon.json",
      "format": "TEXTURE_ATLAS_JSON_HASH"
    },
    {
      "type": "atlas",
      "key": "Knight",
      "textureURL": "assets/knightMenu/Knight.png",
      "atlasURL": "assets/knightMenu/Knight.json",
      "format": "TEXTURE_ATLAS_JSON_HASH"
    },
    {
      "type": "atlas",
      "key": "AmazonStyle",
      "textureURL": "assets/AmazonStyle/AmazonStyle.png",
      "atlasURL": "assets/AmazonStyle/AmazonStyle.json",
      "format": "TEXTURE_ATLAS_JSON_HASH"
    },
    {
      "type": "atlas",
      "key": "Goblin",
      "textureURL": "assets/Enemy/Goblin.png",
      "atlasURL": "assets/Enemy/Goblin.json",
      "format": "TEXTURE_ATLAS_JSON_HASH"
    },
    {
      "type": "atlas",
      "key": "enemy",
      "textureURL": "assets/Enemy/enemy.png",
      "atlasURL": "assets/Enemy/enemy.json",
      "format": "TEXTURE_ATLAS_JSON_HASH"
    }
  ],
  "preload": [{
    "type": "image",
    "key": "loading",
    "url": "assets/images/loading.png",
    "overwrite": false
  }],
  "meta": {
    "generated": "1545370288288",
    "app": "Phaser Editor",
    "url": "http://phasereditor.boniatillo.com",
    "version": "1.0",
    "copyright": "Arian Fornaris (c) 2015,2016"
  }
}