{
  "frames": {
    "idel_000": {
      "trimmed": true,
      "rotated": false,
      "frame": {
        "x": 826,
        "y": 178,
        "w": 155,
        "h": 175
      },
      "spriteSourceSize": {
        "x": 2,
        "y": 0,
        "w": 155,
        "h": 175
      },
      "sourceSize": {
        "w": 159,
        "h": 176
      }
    },
    "idel_001": {
      "trimmed": true,
      "rotated": false,
      "frame": {
        "x": 499,
        "y": 3,
        "w": 160,
        "h": 174
      },
      "spriteSourceSize": {
        "x": 1,
        "y": 0,
        "w": 160,
        "h": 174
      },
      "sourceSize": {
        "w": 162,
        "h": 174
      }
    },
    "idel_002": {
      "trimmed": true,
      "rotated": false,
      "frame": {
        "x": 2,
        "y": 2,
        "w": 164,
        "h": 174
      },
      "spriteSourceSize": {
        "x": 0,
        "y": 0,
        "w": 164,
        "h": 174
      },
      "sourceSize": {
        "w": 164,
        "h": 174
      }
    },
    "idel_003": {
      "trimmed": true,
      "rotated": false,
      "frame": {
        "x": 168,
        "y": 179,
        "w": 164,
        "h": 174
      },
      "spriteSourceSize": {
        "x": 0,
        "y": 0,
        "w": 164,
        "h": 174
      },
      "sourceSize": {
        "w": 164,
        "h": 174
      }
    },
    "idel_004": {
      "trimmed": true,
      "rotated": false,
      "frame": {
        "x": 2,
        "y": 178,
        "w": 164,
        "h": 175
      },
      "spriteSourceSize": {
        "x": 0,
        "y": 0,
        "w": 164,
        "h": 175
      },
      "sourceSize": {
        "w": 164,
        "h": 175
      }
    },
    "idel_005": {
      "trimmed": true,
      "rotated": false,
      "frame": {
        "x": 168,
        "y": 3,
        "w": 164,
        "h": 174
      },
      "spriteSourceSize": {
        "x": 0,
        "y": 0,
        "w": 164,
        "h": 174
      },
      "sourceSize": {
        "w": 164,
        "h": 174
      }
    },
    "idel_006": {
      "trimmed": true,
      "rotated": false,
      "frame": {
        "x": 334,
        "y": 3,
        "w": 163,
        "h": 174
      },
      "spriteSourceSize": {
        "x": 0,
        "y": 0,
        "w": 163,
        "h": 174
      },
      "sourceSize": {
        "w": 163,
        "h": 174
      }
    },
    "idel_007": {
      "trimmed": true,
      "rotated": false,
      "frame": {
        "x": 334,
        "y": 179,
        "w": 164,
        "h": 174
      },
      "spriteSourceSize": {
        "x": 0,
        "y": 0,
        "w": 164,
        "h": 174
      },
      "sourceSize": {
        "w": 164,
        "h": 174
      }
    },
    "idel_008": {
      "trimmed": true,
      "rotated": false,
      "frame": {
        "x": 500,
        "y": 179,
        "w": 162,
        "h": 174
      },
      "spriteSourceSize": {
        "x": 1,
        "y": 0,
        "w": 162,
        "h": 174
      },
      "sourceSize": {
        "w": 163,
        "h": 174
      }
    },
    "idel_009": {
      "trimmed": true,
      "rotated": false,
      "frame": {
        "x": 664,
        "y": 179,
        "w": 160,
        "h": 174
      },
      "spriteSourceSize": {
        "x": 1,
        "y": 0,
        "w": 160,
        "h": 174
      },
      "sourceSize": {
        "w": 162,
        "h": 174
      }
    },
    "idel_010": {
      "trimmed": true,
      "rotated": false,
      "frame": {
        "x": 661,
        "y": 3,
        "w": 159,
        "h": 174
      },
      "spriteSourceSize": {
        "x": 1,
        "y": 0,
        "w": 159,
        "h": 174
      },
      "sourceSize": {
        "w": 161,
        "h": 174
      }
    }
  },
  "meta": {
    "app": "Phaser Editor",
    "version": "1",
    "image": "idleAmazon.png"
  }
}