{
  "frames": {
    "Start_1": {
      "trimmed": true,
      "rotated": false,
      "frame": {
        "x": 2,
        "y": 2,
        "w": 300,
        "h": 84
      },
      "spriteSourceSize": {
        "x": 0,
        "y": 0,
        "w": 300,
        "h": 84
      },
      "sourceSize": {
        "w": 300,
        "h": 84
      }
    },
    "Start_2": {
      "trimmed": true,
      "rotated": false,
      "frame": {
        "x": 304,
        "y": 2,
        "w": 300,
        "h": 84
      },
      "spriteSourceSize": {
        "x": 0,
        "y": 0,
        "w": 300,
        "h": 84
      },
      "sourceSize": {
        "w": 300,
        "h": 84
      }
    }
  },
  "meta": {
    "app": "Phaser Editor",
    "version": "1",
    "image": "startAdd.png"
  }
}